Vehicle,Time
Vehicle0,13:26:55
Vehicle0,13:26:56
Vehicle0,13:26:56
Vehicle0,13:26:56
Vehicle0,13:26:56
Vehicle0,13:26:56
Vehicle0,13:26:56
Vehicle0,13:26:56
Vehicle0,13:26:56
Vehicle0,13:26:57
Vehicle0,13:26:57
Vehicle0,13:26:57
Vehicle0,13:26:57
Vehicle0,13:26:57
Vehicle0,13:26:57
Vehicle0,13:26:57
Vehicle0,13:26:57
Vehicle0,13:26:57
Vehicle0,13:26:57
Vehicle0,13:26:57
Vehicle0,13:26:57
Vehicle0,13:26:57
Vehicle0,13:26:57
Vehicle0,13:26:58
Vehicle0,13:26:58
Vehicle0,13:26:58
Vehicle0,13:26:58
Vehicle0,13:26:58
Vehicle0,13:26:58
Vehicle0,13:26:58
Vehicle0,13:26:58
Vehicle0,13:26:58
Vehicle0,13:26:58
Vehicle0,13:26:58
Vehicle0,13:26:58
Vehicle0,13:26:58
Vehicle0,13:26:58
Vehicle0,13:26:58
Vehicle0,13:26:59
Vehicle0,13:26:59
Vehicle0,13:26:59
Vehicle0,13:26:59
Vehicle0,13:26:59
Vehicle0,13:26:59
Vehicle0,13:26:59
Vehicle0,13:26:59
Vehicle0,13:26:59
Vehicle0,13:26:59
Vehicle0,13:26:59
Vehicle0,13:26:59
Vehicle0,13:26:59
Vehicle0,13:26:59
Vehicle0,13:26:59
Vehicle0,13:26:59
Vehicle0,13:27:00
Vehicle0,13:27:00
Vehicle0,13:27:00
Vehicle0,13:27:00
Vehicle0,13:27:00
Vehicle0,13:27:00
Vehicle0,13:27:00
Vehicle0,13:27:00
Vehicle0,13:27:00
Vehicle0,13:27:00
Vehicle0,13:27:00
Vehicle0,13:27:00
Vehicle0,13:27:00
Vehicle0,13:27:00
Vehicle0,13:27:00
Vehicle0,13:27:00
Vehicle0,13:27:00
Vehicle0,13:27:00
Vehicle0,13:27:00
Vehicle0,13:27:01
Vehicle0,13:27:01
Vehicle0,13:27:01
Vehicle0,13:27:01
Vehicle0,13:27:01
Vehicle0,13:27:01
Vehicle0,13:27:01
Vehicle0,13:27:01
Vehicle0,13:27:01
Vehicle0,13:27:01
Vehicle0,13:27:01
Vehicle0,13:27:01
Vehicle0,13:27:01
Vehicle0,13:27:01
Vehicle0,13:27:01
Vehicle0,13:27:01
Vehicle0,13:27:01
Vehicle0,13:27:01
Vehicle0,13:27:01
Vehicle0,13:27:01
Vehicle0,13:27:02
Vehicle0,13:27:02
Vehicle0,13:27:02
Vehicle0,13:27:02
Vehicle0,13:27:02
Vehicle0,13:27:02
Vehicle0,13:27:02
Vehicle0,13:27:02
Vehicle0,13:27:02
Vehicle0,13:27:02
Vehicle0,13:27:02
Vehicle0,13:27:02
Vehicle0,13:27:02
Vehicle0,13:27:02
Vehicle0,13:27:02
Vehicle0,13:27:03
Vehicle0,13:27:03
Vehicle0,13:27:03
Vehicle0,13:27:03
Vehicle0,13:27:03
Vehicle0,13:27:03
Vehicle0,13:27:03
Vehicle0,13:27:03
Vehicle0,13:27:03
Vehicle0,13:27:03
Vehicle0,13:27:03
Vehicle0,13:27:03
Vehicle0,13:27:03
Vehicle0,13:27:03
Vehicle0,13:27:03
Vehicle0,13:27:04
Vehicle0,13:27:04
Vehicle0,13:27:04
Vehicle0,13:27:04
Vehicle0,13:27:04
Vehicle0,13:27:04
Vehicle0,13:27:04
Vehicle0,13:27:04
Vehicle0,13:27:04
Vehicle0,13:27:04
Vehicle0,13:27:04
Vehicle0,13:27:04
Vehicle0,13:27:04
Vehicle0,13:27:04
Vehicle0,13:27:04
Vehicle0,13:27:04
Vehicle0,13:27:05
Vehicle0,13:27:05
Vehicle0,13:27:05
Vehicle0,13:27:05
Vehicle0,13:27:05
Vehicle0,13:27:05
Vehicle0,13:27:05
Vehicle0,13:27:05
Vehicle0,13:27:05
Vehicle0,13:27:05
Vehicle0,13:27:05
Vehicle0,13:27:05
Vehicle0,13:27:05
Vehicle0,13:27:05
Vehicle0,13:27:06
Vehicle0,13:27:06
Vehicle0,13:27:06
Vehicle0,13:27:06
Vehicle0,13:27:06
Vehicle0,13:27:06
Vehicle0,13:27:06
Vehicle0,13:27:06
Vehicle0,13:27:06
Vehicle0,13:27:06
Vehicle0,13:27:06
Vehicle0,13:27:06
Vehicle0,13:27:07
Vehicle0,13:27:07
Vehicle0,13:27:07
Vehicle0,13:27:07
Vehicle0,13:27:07
Vehicle0,13:27:07
Vehicle0,13:27:07
Vehicle0,13:27:07
Vehicle0,13:27:07
Vehicle0,13:27:07
Vehicle0,13:27:07
Vehicle0,13:27:07
Vehicle0,13:27:07
Vehicle0,13:27:07
Vehicle0,13:27:08
Vehicle0,13:27:08
Vehicle0,13:27:08
Vehicle0,13:27:08
Vehicle0,13:27:08
Vehicle0,13:27:08
Vehicle0,13:27:08
Vehicle0,13:27:08
Vehicle0,13:27:08
Vehicle0,13:27:08
Vehicle0,13:27:08
Vehicle0,13:27:08
Vehicle0,13:27:08
Vehicle0,13:27:08
Vehicle0,13:27:08
Vehicle0,13:27:09
Vehicle0,13:27:09
Vehicle0,13:27:09
Vehicle0,13:27:09
Vehicle0,13:27:09
Vehicle0,13:27:09
Vehicle0,13:27:09
Vehicle0,13:27:09
Vehicle0,13:27:09
Vehicle0,13:27:09
Vehicle0,13:27:09
Vehicle0,13:27:09
Vehicle0,13:27:09
Vehicle0,13:27:09
Vehicle0,13:27:09
Vehicle0,13:27:10
Vehicle0,13:27:10
Vehicle0,13:27:10
Vehicle0,13:27:10
Vehicle0,13:27:10
Vehicle0,13:27:10
Vehicle0,13:27:10
Vehicle0,13:27:10
Vehicle0,13:27:10
Vehicle0,13:27:10
Vehicle0,13:27:10
Vehicle0,13:27:10
Vehicle0,13:27:10
Vehicle0,13:27:10
Vehicle0,13:27:10
Vehicle0,13:27:11
Vehicle0,13:27:11
Vehicle0,13:27:11
Vehicle0,13:27:11
Vehicle0,13:27:11
Vehicle0,13:27:11
Vehicle0,13:27:11
Vehicle0,13:27:11
Vehicle0,13:27:11
Vehicle0,13:27:11
Vehicle0,13:27:11
Vehicle0,13:27:11
Vehicle0,13:27:11
Vehicle0,13:27:11
Vehicle0,13:27:11
Vehicle0,13:27:12
Vehicle0,13:27:12
Vehicle0,13:27:12
Vehicle0,13:27:12
Vehicle0,13:27:12
Vehicle0,13:27:12
Vehicle0,13:27:12
Vehicle0,13:27:12
Vehicle0,13:27:12
Vehicle0,13:27:12
Vehicle0,13:27:12
Vehicle0,13:27:12
Vehicle0,13:27:12
Vehicle0,13:27:12
Vehicle0,13:27:12
Vehicle0,13:27:13
Vehicle0,13:27:13
Vehicle0,13:27:13
Vehicle0,13:27:13
Vehicle0,13:27:13
Vehicle0,13:27:13
Vehicle0,13:27:13
Vehicle0,13:27:13
Vehicle0,13:27:13
Vehicle0,13:27:13
Vehicle0,13:27:13
Vehicle0,13:27:13
Vehicle0,13:27:13
Vehicle0,13:27:13
Vehicle0,13:27:13
Vehicle0,13:27:14
Vehicle0,13:27:14
Vehicle0,13:27:14
Vehicle0,13:27:14
Vehicle0,13:27:14
Vehicle0,13:27:14
Vehicle0,13:27:14
Vehicle0,13:27:14
Vehicle0,13:27:14
Vehicle0,13:27:14
Vehicle0,13:27:14
Vehicle0,13:27:14
Vehicle0,13:27:14
Vehicle0,13:27:14
Vehicle0,13:27:14
Vehicle0,13:27:14
Vehicle0,13:27:15
Vehicle0,13:27:15
Vehicle0,13:27:15
Vehicle0,13:27:15
Vehicle0,13:27:15
Vehicle0,13:27:15
Vehicle0,13:27:15
Vehicle0,13:27:15
Vehicle0,13:27:15
Vehicle0,13:27:15
Vehicle0,13:27:15
Vehicle0,13:27:15
Vehicle0,13:27:15
Vehicle0,13:27:15
Vehicle0,13:27:15
Vehicle0,13:27:16
Vehicle0,13:27:16
Vehicle0,13:27:16
Vehicle0,13:27:16
Vehicle0,13:27:16
Vehicle0,13:27:16
Vehicle0,13:27:16
Vehicle0,13:27:16
Vehicle0,13:27:16
Vehicle0,13:27:16
Vehicle0,13:27:16
Vehicle0,13:27:16
Vehicle0,13:27:16
Vehicle0,13:27:16
Vehicle0,13:27:16
Vehicle0,13:27:16
Vehicle0,13:27:17
Vehicle0,13:27:17
Vehicle0,13:27:17
Vehicle0,13:27:17
Vehicle0,13:27:17
Vehicle0,13:27:17
Vehicle0,13:27:17
Vehicle0,13:27:17
Vehicle0,13:27:17
Vehicle0,13:27:17
Vehicle0,13:27:17
Vehicle0,13:27:17
Vehicle0,13:27:17
Vehicle0,13:27:17
Vehicle0,13:27:17
Vehicle0,13:27:18
Vehicle0,13:27:18
Vehicle0,13:27:18
Vehicle0,13:27:18
Vehicle0,13:27:18
Vehicle0,13:27:18
Vehicle0,13:27:18
Vehicle0,13:27:18
Vehicle0,13:27:18
Vehicle0,13:27:18
Vehicle0,13:27:18
Vehicle0,13:27:18
Vehicle0,13:27:18
Vehicle0,13:27:18
Vehicle0,13:27:18
Vehicle0,13:27:19
Vehicle0,13:27:19
Vehicle0,13:27:19
Vehicle0,13:27:19
Vehicle0,13:27:19
Vehicle0,13:27:19
Vehicle0,13:27:19
Vehicle0,13:27:19
Vehicle0,13:27:19
Vehicle0,13:27:19
Vehicle0,13:27:19
Vehicle0,13:27:19
Vehicle0,13:27:19
Vehicle0,13:27:19
Vehicle0,13:27:19
Vehicle1,13:27:19
Vehicle0,13:27:20
Vehicle1,13:27:20
Vehicle1,13:27:20
Vehicle1,13:27:20
Vehicle1,13:27:20
Vehicle1,13:27:20
Vehicle1,13:27:20
Vehicle0,13:27:20
Vehicle0,13:27:20
Vehicle1,13:27:20
Vehicle0,13:27:20
Vehicle1,13:27:20
Vehicle1,13:27:20
Vehicle1,13:27:20
Vehicle1,13:27:20
Vehicle1,13:27:21
Vehicle0,13:27:21
Vehicle1,13:27:21
Vehicle1,13:27:21
Vehicle2,13:27:21
Vehicle2,13:27:21
Vehicle1,13:27:21
Vehicle2,13:27:21
Vehicle2,13:27:21
Vehicle2,13:27:21
Vehicle2,13:27:21
Vehicle2,13:27:21
Vehicle2,13:27:21
Vehicle2,13:27:21
Vehicle2,13:27:21
Vehicle2,13:27:21
Vehicle2,13:27:22
Vehicle2,13:27:22
Vehicle2,13:27:22
Vehicle2,13:27:22
Vehicle2,13:27:22
Vehicle2,13:27:22
Vehicle2,13:27:22
Vehicle2,13:27:22
Vehicle2,13:27:22
Vehicle2,13:27:22
Vehicle2,13:27:22
Vehicle2,13:27:22
Vehicle2,13:27:22
Vehicle2,13:27:22
Vehicle2,13:27:22
Vehicle2,13:27:23
Vehicle2,13:27:23
Vehicle2,13:27:23
Vehicle2,13:27:23
Vehicle2,13:27:23
Vehicle2,13:27:23
Vehicle2,13:27:23
Vehicle2,13:27:23
Vehicle2,13:27:23
Vehicle2,13:27:23
Vehicle2,13:27:23
Vehicle2,13:27:23
Vehicle2,13:27:23
Vehicle2,13:27:23
Vehicle2,13:27:23
Vehicle2,13:27:24
Vehicle2,13:27:24
Vehicle2,13:27:24
Vehicle2,13:27:24
Vehicle2,13:27:24
Vehicle2,13:27:24
Vehicle2,13:27:24
Vehicle2,13:27:24
Vehicle2,13:27:24
Vehicle1,13:27:24
Vehicle1,13:27:24
Vehicle1,13:27:24
Vehicle2,13:27:24
Vehicle2,13:27:24
Vehicle2,13:27:24
Vehicle2,13:27:25
Vehicle2,13:27:25
Vehicle2,13:27:25
Vehicle2,13:27:25
Vehicle2,13:27:25
Vehicle2,13:27:25
Vehicle2,13:27:25
Vehicle2,13:27:25
Vehicle2,13:27:25
Vehicle2,13:27:25
Vehicle2,13:27:25
Vehicle2,13:27:25
Vehicle1,13:27:25
Vehicle2,13:27:25
Vehicle2,13:27:25
Vehicle1,13:27:26
Vehicle2,13:27:26
Vehicle2,13:27:26
Vehicle1,13:27:26
Vehicle1,13:27:26
Vehicle1,13:27:26
Vehicle1,13:27:26
Vehicle1,13:27:26
Vehicle1,13:27:26
Vehicle1,13:27:26
Vehicle1,13:27:26
Vehicle2,13:27:26
Vehicle0,13:27:26
Vehicle0,13:27:26
Vehicle0,13:27:26
Vehicle0,13:27:27
Vehicle0,13:27:27
Vehicle0,13:27:27
Vehicle0,13:27:27
Vehicle0,13:27:27
Vehicle0,13:27:27
Vehicle0,13:27:27
Vehicle0,13:27:27
Vehicle0,13:27:27
Vehicle0,13:27:27
Vehicle0,13:27:27
Vehicle0,13:27:27
Vehicle0,13:27:27
Vehicle0,13:27:27
Vehicle0,13:27:27
Vehicle0,13:27:27
Vehicle0,13:27:28
Vehicle0,13:27:28
Vehicle0,13:27:28
Vehicle0,13:27:28
Vehicle0,13:27:28
Vehicle0,13:27:28
Vehicle0,13:27:28
Vehicle0,13:27:28
Vehicle0,13:27:28
Vehicle0,13:27:28
Vehicle0,13:27:28
Vehicle0,13:27:28
Vehicle0,13:27:28
Vehicle0,13:27:28
Vehicle0,13:27:28
Vehicle0,13:27:28
Vehicle0,13:27:29
Vehicle0,13:27:29
Vehicle0,13:27:29
Vehicle0,13:27:29
Vehicle0,13:27:29
Vehicle0,13:27:29
Vehicle0,13:27:29
Vehicle0,13:27:29
Vehicle0,13:27:29
Vehicle0,13:27:29
Vehicle0,13:27:29
Vehicle0,13:27:29
Vehicle0,13:27:29
Vehicle0,13:27:29
Vehicle0,13:27:29
Vehicle0,13:27:30
Vehicle0,13:27:30
Vehicle0,13:27:30
Vehicle0,13:27:30
Vehicle0,13:27:30
Vehicle0,13:27:30
Vehicle0,13:27:30
Vehicle0,13:27:30
Vehicle0,13:27:30
Vehicle0,13:27:30
Vehicle0,13:27:30
Vehicle0,13:27:30
Vehicle0,13:27:30
Vehicle0,13:27:30
Vehicle0,13:27:30
Vehicle0,13:27:30
Vehicle0,13:27:31
Vehicle0,13:27:31
Vehicle0,13:27:31
Vehicle0,13:27:31
Vehicle0,13:27:31
Vehicle0,13:27:31
Vehicle0,13:27:31
Vehicle0,13:27:31
Vehicle0,13:27:31
Vehicle0,13:27:31
Vehicle0,13:27:31
Vehicle0,13:27:31
Vehicle0,13:27:31
Vehicle0,13:27:31
Vehicle0,13:27:31
Vehicle0,13:27:31
Vehicle0,13:27:32
Vehicle0,13:27:32
Vehicle0,13:27:32
Vehicle0,13:27:32
Vehicle0,13:27:32
Vehicle0,13:27:32
Vehicle0,13:27:32
Vehicle0,13:27:32
Vehicle0,13:27:32
Vehicle0,13:27:32
Vehicle0,13:27:32
Vehicle0,13:27:32
Vehicle0,13:27:32
Vehicle0,13:27:32
Vehicle0,13:27:32
Vehicle0,13:27:33
Vehicle0,13:27:33
Vehicle0,13:27:33
Vehicle0,13:27:33
Vehicle0,13:27:33
Vehicle0,13:27:33
Vehicle0,13:27:33
Vehicle0,13:27:33
Vehicle0,13:27:33
Vehicle0,13:27:33
Vehicle0,13:27:33
Vehicle0,13:27:33
Vehicle0,13:27:33
Vehicle0,13:27:33
Vehicle0,13:27:33
Vehicle0,13:27:34
Vehicle0,13:27:34
Vehicle0,13:27:34
Vehicle0,13:27:34
Vehicle0,13:27:34
Vehicle0,13:27:34
Vehicle0,13:27:34
Vehicle0,13:27:34
Vehicle0,13:27:34
Vehicle0,13:27:34
Vehicle0,13:27:34
Vehicle0,13:27:34
Vehicle0,13:27:34
Vehicle0,13:27:34
Vehicle0,13:27:35
Vehicle0,13:27:35
Vehicle0,13:27:35
Vehicle0,13:27:35
Vehicle0,13:27:35
Vehicle0,13:27:35
Vehicle0,13:27:35
Vehicle0,13:27:35
Vehicle0,13:27:35
Vehicle0,13:27:35
Vehicle0,13:27:35
Vehicle0,13:27:35
Vehicle0,13:27:35
Vehicle0,13:27:35
Vehicle0,13:27:35
Vehicle0,13:27:36
Vehicle0,13:27:36
Vehicle0,13:27:36
Vehicle0,13:27:36
Vehicle0,13:27:36
Vehicle0,13:27:36
Vehicle0,13:27:36
Vehicle0,13:27:36
Vehicle0,13:27:36
Vehicle0,13:27:36
Vehicle0,13:27:36
Vehicle0,13:27:36
Vehicle0,13:27:36
Vehicle0,13:27:36
Vehicle0,13:27:36
Vehicle0,13:27:37
Vehicle0,13:27:37
Vehicle0,13:27:37
Vehicle0,13:27:37
Vehicle0,13:27:37
Vehicle0,13:27:37
Vehicle0,13:27:37
Vehicle0,13:27:37
Vehicle0,13:27:37
Vehicle0,13:27:37
Vehicle0,13:27:37
Vehicle0,13:27:37
Vehicle0,13:27:37
Vehicle0,13:27:37
Vehicle0,13:27:37
Vehicle0,13:27:38
Vehicle0,13:27:38
Vehicle0,13:27:38
Vehicle0,13:27:38
Vehicle0,13:27:38
Vehicle0,13:27:38
Vehicle0,13:27:38
Vehicle0,13:27:38
Vehicle0,13:27:38
Vehicle0,13:27:38
Vehicle0,13:27:38
Vehicle0,13:27:38
Vehicle0,13:27:38
Vehicle0,13:27:38
Vehicle0,13:27:38
Vehicle0,13:27:39
Vehicle0,13:27:39
Vehicle0,13:27:39
Vehicle0,13:27:39
Vehicle0,13:27:39
Vehicle0,13:27:39
Vehicle0,13:27:39
Vehicle0,13:27:39
Vehicle0,13:27:39
Vehicle0,13:27:39
Vehicle0,13:27:39
Vehicle0,13:27:39
Vehicle0,13:27:39
Vehicle0,13:27:39
Vehicle0,13:27:39
Vehicle0,13:27:40
Vehicle0,13:27:40
Vehicle0,13:27:40
Vehicle0,13:27:40
Vehicle0,13:27:40
Vehicle0,13:27:40
Vehicle0,13:27:40
Vehicle0,13:27:40
Vehicle0,13:27:40
Vehicle0,13:27:40
Vehicle0,13:27:40
Vehicle0,13:27:40
Vehicle0,13:27:40
Vehicle0,13:27:40
Vehicle0,13:27:40
Vehicle0,13:27:41
Vehicle0,13:27:41
Vehicle0,13:27:41
Vehicle0,13:27:41
Vehicle0,13:27:41
Vehicle0,13:27:41
Vehicle0,13:27:41
Vehicle0,13:27:41
Vehicle0,13:27:41
Vehicle0,13:27:41
Vehicle0,13:27:41
Vehicle0,13:27:41
Vehicle0,13:27:41
Vehicle0,13:27:41
Vehicle0,13:27:41
Vehicle0,13:27:42
Vehicle0,13:27:42
Vehicle0,13:27:42
Vehicle0,13:27:42
Vehicle0,13:27:42
Vehicle0,13:27:42
Vehicle0,13:27:42
Vehicle0,13:27:42
Vehicle0,13:27:42
Vehicle0,13:27:42
Vehicle0,13:27:42
Vehicle0,13:27:42
Vehicle0,13:27:42
Vehicle0,13:27:42
Vehicle0,13:27:42
Vehicle0,13:27:43
Vehicle0,13:27:43
Vehicle0,13:27:43
Vehicle0,13:27:43
Vehicle0,13:27:43
Vehicle0,13:27:43
Vehicle0,13:27:43
Vehicle0,13:27:43
Vehicle0,13:27:43
Vehicle0,13:27:43
Vehicle0,13:27:43
Vehicle0,13:27:43
Vehicle0,13:27:43
Vehicle0,13:27:43
Vehicle0,13:27:43
Vehicle0,13:27:44
Vehicle0,13:27:44
Vehicle0,13:27:44
Vehicle0,13:27:44
Vehicle0,13:27:44
Vehicle0,13:27:44
Vehicle0,13:27:44
Vehicle0,13:27:44
Vehicle0,13:27:44
Vehicle0,13:27:44
Vehicle0,13:27:44
Vehicle0,13:27:44
Vehicle0,13:27:44
Vehicle0,13:27:44
Vehicle0,13:27:44
Vehicle0,13:27:45
Vehicle0,13:27:45
Vehicle0,13:27:45
Vehicle0,13:27:45
Vehicle0,13:27:45
Vehicle0,13:27:45
Vehicle0,13:27:45
Vehicle0,13:27:45
Vehicle0,13:27:45
Vehicle0,13:27:45
Vehicle0,13:27:45
Vehicle0,13:27:45
Vehicle0,13:27:45
Vehicle0,13:27:45
Vehicle0,13:27:45
Vehicle0,13:27:46
Vehicle0,13:27:46
Vehicle0,13:27:46
Vehicle0,13:27:46
Vehicle0,13:27:46
Vehicle0,13:27:46
Vehicle0,13:27:46
Vehicle0,13:27:46
Vehicle0,13:27:46
Vehicle0,13:27:46
Vehicle0,13:27:46
Vehicle0,13:27:46
Vehicle0,13:27:46
Vehicle0,13:27:46
Vehicle0,13:27:46
Vehicle0,13:27:47
Vehicle0,13:27:47
Vehicle0,13:27:47
Vehicle0,13:27:47
Vehicle0,13:27:47
Vehicle0,13:27:47
Vehicle0,13:27:47
Vehicle0,13:27:47
Vehicle0,13:27:47
Vehicle0,13:27:47
Vehicle0,13:27:47
Vehicle0,13:27:47
Vehicle0,13:27:47
Vehicle0,13:27:47
Vehicle0,13:27:47
Vehicle0,13:27:48
Vehicle0,13:27:48
Vehicle0,13:27:48
Vehicle0,13:27:48
Vehicle0,13:27:48
Vehicle0,13:27:48
Vehicle0,13:27:48
Vehicle0,13:27:48
Vehicle0,13:27:48
Vehicle0,13:27:48
Vehicle0,13:27:48
Vehicle0,13:27:48
Vehicle0,13:27:48
Vehicle0,13:27:48
Vehicle0,13:27:48
Vehicle0,13:27:49
Vehicle0,13:27:49
Vehicle0,13:27:49
Vehicle0,13:27:49
Vehicle0,13:27:49
Vehicle0,13:27:49
Vehicle0,13:27:49
Vehicle0,13:27:49
Vehicle0,13:27:49
Vehicle0,13:27:49
Vehicle0,13:27:49
Vehicle0,13:27:49
Vehicle0,13:27:49
Vehicle0,13:27:49
Vehicle0,13:27:49
Vehicle0,13:27:50
Vehicle0,13:27:50
Vehicle0,13:27:50
Vehicle0,13:27:50
Vehicle0,13:27:50
Vehicle0,13:27:50
Vehicle0,13:27:50
Vehicle0,13:27:50
Vehicle0,13:27:50
Vehicle0,13:27:50
Vehicle0,13:27:50
Vehicle0,13:27:50
Vehicle0,13:27:50
Vehicle0,13:27:50
Vehicle0,13:27:50
Vehicle0,13:27:51
Vehicle0,13:27:51
Vehicle0,13:27:51
Vehicle0,13:27:51
Vehicle0,13:27:51
Vehicle0,13:27:51
Vehicle0,13:27:51
Vehicle0,13:27:51
Vehicle0,13:27:51
Vehicle0,13:27:51
Vehicle0,13:27:51
Vehicle0,13:27:51
Vehicle0,13:27:51
Vehicle0,13:27:51
Vehicle0,13:27:52
Vehicle0,13:27:52
Vehicle0,13:27:52
Vehicle0,13:27:52
Vehicle0,13:27:52
Vehicle0,13:27:52
Vehicle0,13:27:52
Vehicle0,13:27:52
Vehicle0,13:27:52
Vehicle0,13:27:52
Vehicle0,13:27:52
Vehicle0,13:27:52
Vehicle0,13:27:52
Vehicle0,13:27:52
Vehicle0,13:27:52
Vehicle0,13:27:53
Vehicle0,13:27:53
Vehicle0,13:27:53
Vehicle0,13:27:53
Vehicle0,13:27:53
Vehicle0,13:27:53
Vehicle0,13:27:53
Vehicle0,13:27:53
Vehicle0,13:27:53
Vehicle0,13:27:53
Vehicle0,13:27:53
Vehicle0,13:27:53
Vehicle0,13:27:53
Vehicle0,13:27:53
Vehicle0,13:27:53
Vehicle0,13:27:54
Vehicle0,13:27:54
Vehicle0,13:27:54
Vehicle0,13:27:54
Vehicle0,13:27:54
Vehicle0,13:27:54
Vehicle0,13:27:54
Vehicle0,13:27:54
Vehicle0,13:27:54
Vehicle0,13:27:54
Vehicle0,13:27:54
Vehicle0,13:27:54
Vehicle0,13:27:54
Vehicle0,13:27:54
Vehicle0,13:27:54
Vehicle0,13:27:55
Vehicle0,13:27:55
Vehicle0,13:27:55
Vehicle0,13:27:55
Vehicle0,13:27:55
Vehicle0,13:27:55
Vehicle0,13:27:55
Vehicle0,13:27:55
Vehicle0,13:27:55
Vehicle0,13:27:55
Vehicle0,13:27:55
Vehicle0,13:27:55
Vehicle0,13:27:55
Vehicle0,13:27:55
Vehicle0,13:27:55
Vehicle0,13:27:56
Vehicle0,13:27:56
Vehicle0,13:27:56
Vehicle0,13:27:56
Vehicle0,13:27:56
Vehicle0,13:27:56
Vehicle0,13:27:56
Vehicle0,13:27:56
Vehicle0,13:27:56
Vehicle0,13:27:56
Vehicle0,13:27:56
Vehicle0,13:27:56
Vehicle0,13:27:56
Vehicle0,13:27:56
Vehicle0,13:27:56
Vehicle0,13:27:57
Vehicle0,13:27:57
Vehicle0,13:27:57
Vehicle0,13:27:57
Vehicle0,13:27:57
Vehicle0,13:27:57
Vehicle0,13:27:57
Vehicle0,13:27:57
Vehicle0,13:27:57
Vehicle0,13:27:57
Vehicle0,13:27:57
Vehicle0,13:27:57
Vehicle0,13:27:57
Vehicle0,13:27:57
Vehicle0,13:27:57
Vehicle0,13:27:58
Vehicle0,13:27:58
Vehicle0,13:27:58
Vehicle0,13:27:58
Vehicle0,13:27:58
Vehicle0,13:27:58
Vehicle0,13:27:58
Vehicle0,13:27:58
Vehicle0,13:27:58
Vehicle0,13:27:58
Vehicle0,13:27:58
Vehicle0,13:27:58
Vehicle0,13:27:58
Vehicle0,13:27:58
Vehicle0,13:27:58
Vehicle0,13:27:59
Vehicle0,13:27:59
Vehicle0,13:27:59
Vehicle0,13:27:59
Vehicle0,13:27:59
Vehicle0,13:27:59
Vehicle0,13:27:59
Vehicle0,13:27:59
Vehicle0,13:27:59
Vehicle0,13:27:59
Vehicle0,13:27:59
Vehicle0,13:27:59
Vehicle0,13:27:59
Vehicle0,13:27:59
Vehicle0,13:27:59
Vehicle0,13:28:00
Vehicle0,13:28:00
Vehicle0,13:28:00
Vehicle0,13:28:00
Vehicle0,13:28:00
Vehicle0,13:28:00
Vehicle0,13:28:00
Vehicle0,13:28:00
Vehicle0,13:28:00
Vehicle0,13:28:00
Vehicle0,13:28:00
Vehicle0,13:28:00
Vehicle0,13:28:00
Vehicle0,13:28:00
Vehicle0,13:28:00
Vehicle0,13:28:01
Vehicle0,13:28:01
Vehicle0,13:28:01
Vehicle0,13:28:01
Vehicle0,13:28:01
Vehicle0,13:28:01
Vehicle0,13:28:01
Vehicle0,13:28:01
Vehicle0,13:28:01
Vehicle0,13:28:01
Vehicle0,13:28:01
Vehicle0,13:28:01
Vehicle0,13:28:01
Vehicle0,13:28:01
Vehicle0,13:28:01
Vehicle0,13:28:02
Vehicle0,13:28:02
Vehicle0,13:28:02
Vehicle0,13:28:02
Vehicle0,13:28:02
Vehicle0,13:28:02
Vehicle0,13:28:02
Vehicle0,13:28:02
Vehicle0,13:28:02
Vehicle0,13:28:02
Vehicle0,13:28:02
Vehicle0,13:28:02
Vehicle0,13:28:02
Vehicle0,13:28:02
Vehicle0,13:28:02
Vehicle0,13:28:03
Vehicle0,13:28:03
Vehicle0,13:28:03
Vehicle0,13:28:03
Vehicle0,13:28:03
Vehicle0,13:28:03
Vehicle0,13:28:03
Vehicle0,13:28:03
Vehicle0,13:28:03
Vehicle0,13:28:03
Vehicle0,13:28:03
Vehicle0,13:28:03
Vehicle0,13:28:03
Vehicle0,13:28:03
Vehicle0,13:28:03
Vehicle0,13:28:04
Vehicle0,13:28:04
Vehicle0,13:28:04
Vehicle0,13:28:04
Vehicle0,13:28:04
Vehicle0,13:28:04
Vehicle0,13:28:04
Vehicle0,13:28:04
Vehicle0,13:28:04
Vehicle0,13:28:04
Vehicle0,13:28:04
Vehicle0,13:28:04
Vehicle0,13:28:04
Vehicle0,13:28:04
Vehicle0,13:28:04
Vehicle0,13:28:05
Vehicle0,13:28:05
Vehicle0,13:28:05
Vehicle0,13:28:05
Vehicle0,13:28:05
Vehicle0,13:28:05
Vehicle0,13:28:05
Vehicle0,13:28:05
Vehicle0,13:28:05
Vehicle0,13:28:05
Vehicle0,13:28:05
Vehicle0,13:28:05
Vehicle0,13:28:05
Vehicle0,13:28:05
Vehicle0,13:28:05
Vehicle0,13:28:06
Vehicle0,13:28:06
Vehicle0,13:28:06
Vehicle0,13:28:06
Vehicle0,13:28:06
Vehicle0,13:28:06
Vehicle0,13:28:06
Vehicle0,13:28:06
Vehicle0,13:28:06
Vehicle0,13:28:06
Vehicle0,13:28:06
Vehicle0,13:28:06
Vehicle0,13:28:06
Vehicle0,13:28:06
Vehicle0,13:28:06
Vehicle0,13:28:07
Vehicle0,13:28:07
Vehicle0,13:28:07
Vehicle0,13:28:07
Vehicle0,13:28:07
Vehicle1,13:28:07
Vehicle1,13:28:07
Vehicle1,13:28:07
Vehicle1,13:28:07
Vehicle1,13:28:07
Vehicle1,13:28:07
Vehicle1,13:28:07
Vehicle1,13:28:07
Vehicle1,13:28:07
Vehicle2,13:28:07
Vehicle2,13:28:08
Vehicle2,13:28:08
Vehicle2,13:28:08
Vehicle1,13:28:08
Vehicle1,13:28:08
Vehicle2,13:28:08
Vehicle2,13:28:08
Vehicle2,13:28:08
Vehicle2,13:28:08
Vehicle2,13:28:08
Vehicle2,13:28:08
Vehicle2,13:28:08
Vehicle2,13:28:08
Vehicle2,13:28:08
Vehicle2,13:28:08
Vehicle2,13:28:09
Vehicle2,13:28:09
Vehicle2,13:28:09
Vehicle2,13:28:09
Vehicle2,13:28:09
Vehicle2,13:28:09
Vehicle2,13:28:09
Vehicle2,13:28:09
Vehicle2,13:28:09
Vehicle2,13:28:09
Vehicle2,13:28:09
Vehicle2,13:28:09
Vehicle2,13:28:09
Vehicle2,13:28:09
Vehicle2,13:28:09
Vehicle2,13:28:10
Vehicle2,13:28:10
Vehicle2,13:28:10
Vehicle2,13:28:10
Vehicle2,13:28:10
Vehicle2,13:28:10
Vehicle2,13:28:10
Vehicle2,13:28:10
Vehicle2,13:28:10
Vehicle2,13:28:10
Vehicle2,13:28:10
Vehicle2,13:28:10
Vehicle0,13:28:10
Vehicle0,13:28:10
Vehicle0,13:28:10
Vehicle0,13:28:11
Vehicle0,13:28:11
Vehicle0,13:28:11
Vehicle0,13:28:11
Vehicle0,13:28:11
Vehicle0,13:28:11
Vehicle0,13:28:11
Vehicle0,13:28:11
Vehicle0,13:28:11
Vehicle0,13:28:11
Vehicle0,13:28:11
Vehicle0,13:28:11
Vehicle0,13:28:11
Vehicle0,13:28:11
Vehicle0,13:28:12
Vehicle0,13:28:12
Vehicle0,13:28:12
Vehicle0,13:28:12
Vehicle0,13:28:12
Vehicle0,13:28:12
Vehicle0,13:28:12
Vehicle0,13:28:12
Vehicle0,13:28:12
Vehicle0,13:28:12
Vehicle0,13:28:12
Vehicle0,13:28:12
Vehicle0,13:28:12
Vehicle0,13:28:12
Vehicle0,13:28:12
Vehicle0,13:28:13
Vehicle0,13:28:13
Vehicle0,13:28:13
Vehicle0,13:28:13
Vehicle0,13:28:13
Vehicle0,13:28:13
Vehicle0,13:28:13
Vehicle0,13:28:13
Vehicle0,13:28:13
Vehicle0,13:28:13
Vehicle0,13:28:13
Vehicle0,13:28:13
Vehicle0,13:28:13
Vehicle0,13:28:13
Vehicle0,13:28:13
Vehicle0,13:28:14
Vehicle0,13:28:14
Vehicle0,13:28:14
Vehicle0,13:28:14
Vehicle0,13:28:14
Vehicle0,13:28:14
Vehicle0,13:28:14
Vehicle0,13:28:14
Vehicle0,13:28:14
Vehicle0,13:28:14
Vehicle0,13:28:14
Vehicle0,13:28:14
Vehicle0,13:28:14
Vehicle0,13:28:14
Vehicle0,13:28:14
Vehicle0,13:28:15
Vehicle0,13:28:15
Vehicle0,13:28:15
Vehicle0,13:28:15
Vehicle0,13:28:15
Vehicle0,13:28:15
Vehicle0,13:28:15
Vehicle0,13:28:15
Vehicle0,13:28:15
Vehicle0,13:28:15
Vehicle0,13:28:15
Vehicle0,13:28:15
Vehicle0,13:28:15
Vehicle0,13:28:15
Vehicle0,13:28:15
Vehicle0,13:28:16
Vehicle0,13:28:16
Vehicle0,13:28:16
Vehicle0,13:28:16
Vehicle0,13:28:16
Vehicle0,13:28:16
Vehicle0,13:28:16
Vehicle0,13:28:16
Vehicle0,13:28:16
Vehicle0,13:28:16
Vehicle0,13:28:16
Vehicle0,13:28:16
Vehicle0,13:28:16
Vehicle0,13:28:16
Vehicle0,13:28:16
Vehicle1,13:28:17
Vehicle0,13:28:17
Vehicle0,13:28:17
Vehicle0,13:28:17
Vehicle1,13:28:17
Vehicle0,13:28:17
Vehicle0,13:28:17
Vehicle1,13:28:17
Vehicle2,13:28:17
Vehicle2,13:28:17
Vehicle2,13:28:17
Vehicle2,13:28:17
Vehicle2,13:28:17
Vehicle2,13:28:17
Vehicle2,13:28:17
Vehicle2,13:28:18
Vehicle2,13:28:18
Vehicle2,13:28:18
Vehicle2,13:28:18
Vehicle2,13:28:18
Vehicle2,13:28:18
Vehicle2,13:28:18
Vehicle2,13:28:18
Vehicle2,13:28:18
Vehicle2,13:28:18
Vehicle2,13:28:18
Vehicle2,13:28:18
Vehicle2,13:28:18
Vehicle2,13:28:18
Vehicle2,13:28:18
Vehicle2,13:28:19
Vehicle2,13:28:19
Vehicle2,13:28:19
Vehicle2,13:28:19
Vehicle2,13:28:19
Vehicle2,13:28:19
Vehicle2,13:28:19
Vehicle2,13:28:19
Vehicle2,13:28:19
Vehicle2,13:28:19
Vehicle2,13:28:19
Vehicle2,13:28:19
Vehicle2,13:28:19
Vehicle2,13:28:19
Vehicle2,13:28:19
Vehicle2,13:28:20
Vehicle2,13:28:20
Vehicle2,13:28:20
Vehicle2,13:28:20
Vehicle2,13:28:20
Vehicle0,13:28:20
Vehicle2,13:28:20
Vehicle2,13:28:20
Vehicle0,13:28:20
Vehicle1,13:28:20
Vehicle0,13:28:20
Vehicle0,13:28:20
Vehicle0,13:28:20
Vehicle0,13:28:20
Vehicle0,13:28:20
Vehicle0,13:28:21
Vehicle0,13:28:21
Vehicle0,13:28:21
Vehicle0,13:28:21
Vehicle0,13:28:21
Vehicle0,13:28:21
Vehicle0,13:28:21
Vehicle0,13:28:21
Vehicle0,13:28:21
Vehicle0,13:28:21
Vehicle0,13:28:21
Vehicle0,13:28:21
Vehicle0,13:28:21
Vehicle0,13:28:21
Vehicle0,13:28:21
Vehicle0,13:28:22
Vehicle0,13:28:22
Vehicle0,13:28:22
Vehicle0,13:28:22
Vehicle0,13:28:22
Vehicle0,13:28:22
Vehicle0,13:28:22
Vehicle0,13:28:22
Vehicle0,13:28:22
Vehicle0,13:28:22
Vehicle0,13:28:22
Vehicle0,13:28:22
Vehicle0,13:28:22
Vehicle0,13:28:22
Vehicle0,13:28:22
Vehicle0,13:28:23
Vehicle0,13:28:23
Vehicle0,13:28:23
Vehicle0,13:28:23
Vehicle0,13:28:23
Vehicle0,13:28:23
Vehicle0,13:28:23
Vehicle0,13:28:23
Vehicle0,13:28:23
Vehicle0,13:28:23
Vehicle0,13:28:23
Vehicle0,13:28:23
Vehicle0,13:28:23
Vehicle0,13:28:23
Vehicle0,13:28:23
Vehicle0,13:28:24
Vehicle0,13:28:24
Vehicle0,13:28:24
Vehicle0,13:28:24
Vehicle0,13:28:24
Vehicle0,13:28:24
Vehicle0,13:28:24
Vehicle0,13:28:24
Vehicle0,13:28:24
Vehicle0,13:28:24
Vehicle0,13:28:24
Vehicle0,13:28:24
Vehicle0,13:28:24
Vehicle0,13:28:24
Vehicle0,13:28:24
Vehicle0,13:28:25
Vehicle0,13:28:25
Vehicle0,13:28:25
Vehicle0,13:28:25
Vehicle0,13:28:25
Vehicle0,13:28:25
Vehicle0,13:28:25
Vehicle0,13:28:25
Vehicle0,13:28:25
Vehicle0,13:28:25
Vehicle0,13:28:25
Vehicle0,13:28:25
Vehicle0,13:28:25
Vehicle0,13:28:25
Vehicle0,13:28:25
Vehicle0,13:28:26
Vehicle0,13:28:26
Vehicle0,13:28:26
Vehicle0,13:28:26
Vehicle0,13:28:26
Vehicle0,13:28:26
Vehicle0,13:28:26
Vehicle0,13:28:26
Vehicle0,13:28:26
Vehicle0,13:28:26
Vehicle0,13:28:26
Vehicle0,13:28:26
Vehicle0,13:28:26
Vehicle0,13:28:26
Vehicle0,13:28:26
Vehicle0,13:28:27
Vehicle0,13:28:27
Vehicle0,13:28:27
Vehicle0,13:28:27
Vehicle0,13:28:27
Vehicle0,13:28:27
Vehicle0,13:28:27
Vehicle0,13:28:27
Vehicle0,13:28:27
Vehicle0,13:28:27
